<?xml version="1.0" encoding="UTF-8"?>
<project-private xmlns="http://www.netbeans.org/ns/project-private/1">
    <editor-bookmarks xmlns="http://www.netbeans.org/ns/editor-bookmarks/2" lastBookmarkId="0"/>
    <open-files xmlns="http://www.netbeans.org/ns/projectui-open-files/2">
        <group>
            <file>file:/C:/Users/hp/Documents/NetBeansProjects/AramAlshahateet/src/aramalshahateet/RegularUser.java</file>
            <file>file:/C:/Users/hp/Documents/NetBeansProjects/AramAlshahateet/src/aramalshahateet/Operations.java</file>
            <file>file:/C:/Users/hp/Documents/NetBeansProjects/AramAlshahateet/src/aramalshahateet/Aram.java</file>
            <file>file:/C:/Users/hp/Documents/NetBeansProjects/AramAlshahateet/src/aramalshahateet/Admin.java</file>
            <file>file:/C:/Users/hp/Documents/NetBeansProjects/AramAlshahateet/src/aramalshahateet/User.java</file>
        </group>
    </open-files>
</project-private>
